{
  "sections": [
    {
      "title": "Bebidas Calientes Cafe",
      "items": [
        {
          "name": "Espresso Ristretto",
          "price": ""
        },
        {
          "name": "Espresso Doble Doppio",
          "price": ""
        },
        {
          "name": "Americano",
          "price": ""
        },
        {
          "name": "Lungo",
          "price": ""
        },
        {
          "name": "Cortado",
          "price": ""
        },
        {
          "name": "Lágrima",
          "price": ""
        },
        {
          "name": "Latte",
          "price": ""
        },
        {
          "name": "Flat White",
          "price": ""
        },
        {
          "name": "Chocolatada",
          "price": ""
        },
        {
          "name": "Capuccino",
          "price": ""
        },
        {
          "name": "Mocaccino",
          "price": ""
        }
      ]
    },
    {
      "title": "Sin Cafe",
      "items": [
        {
          "name": "Golden Matcha",
          "price": ""
        },
        {
          "name": "Golden Milk",
          "price": ""
        },
        {
          "name": "Golden Matcha con leche vegetal",
          "price": ""
        },
        {
          "name": "Golden Milk con leche vegetal",
          "price": ""
        },
        {
          "name": "Té en hebras",
          "price": ""
        },
        {
          "name": "Set de mate",
          "price": ""
        }
      ]
    },
    {
      "title": "Bebidas Frias",
      "items": [
        {
          "name": "Ice Latte",
          "price": ""
        },
        {
          "name": "Frapuccino",
          "price": ""
        },
        {
          "name": "Ice Coffee",
          "price": ""
        },
        {
          "name": "Ice Tea",
          "price": ""
        },
        {
          "name": "Agua",
          "price": ""
        },
        {
          "name": "Soda",
          "price": ""
        }
      ]
    },
    {
      "title": "Jugos",
      "items": [
        {
          "name": "Jugo Verde",
          "price": ""
        },
        {
          "name": "Jugo Rojo",
          "price": ""
        },
        {
          "name": "Jugo Raíz del Sol",
          "price": ""
        },
        {
          "name": "Jugo de Frutas de Estación",
          "price": ""
        },
        {
          "name": "Jugo Sorpresa",
          "price": ""
        },
        {
          "name": "Limonada",
          "price": ""
        },
        {
          "name": "Limonada de Coco",
          "price": ""
        },
        {
          "name": "Pomelada",
          "price": ""
        },
        {
          "name": "Licuado de Banana",
          "price": ""
        },
        {
          "name": "Licuado de Frutas",
          "price": ""
        }
      ]
    },
    {
      "title": "Aguas Saborizadas",
      "items": [
        {
          "name": "Relax",
          "price": ""
        },
        {
          "name": "Refrescante",
          "price": ""
        },
        {
          "name": "Detox",
          "price": ""
        }
      ]
    },
    {
      "title": "Para Acompanar",
      "items": [
        {
          "name": "Medialunas",
          "price": ""
        },
        {
          "name": "Cookie Matcha",
          "price": ""
        },
        {
          "name": "Cookie chip",
          "price": ""
        },
        {
          "name": "Cookie chocolate coco",
          "price": ""
        },
        {
          "name": "Cookie vainilla chips",
          "price": ""
        },
        {
          "name": "Trufitas",
          "price": ""
        },
        {
          "name": "Chocolate con maní",
          "price": ""
        },
        {
          "name": "Dátiles de coco y zanahoria",
          "price": ""
        },
        {
          "name": "Brownie Keto",
          "price": ""
        },
        {
          "name": "Carrot cake",
          "price": ""
        },
        {
          "name": "Cheesecake nueces pecan",
          "price": ""
        },
        {
          "name": "Torta milhojas",
          "price": ""
        },
        {
          "name": "Torta Alemana",
          "price": ""
        },
        {
          "name": "Torta húmeda nueces",
          "price": ""
        },
        {
          "name": "Alfajores cacao puro",
          "price": ""
        },
        {
          "name": "Chocolates",
          "price": ""
        },
        {
          "name": "Conitos rellenos",
          "price": ""
        }
      ]
    },
    {
      "title": "Huevos",
      "items": [
        {
          "name": "Revuelto cremoso",
          "price": ""
        },
        {
          "name": "Bowl keto",
          "price": ""
        },
        {
          "name": "Omelette francés",
          "price": ""
        },
        {
          "name": "Omelette jamón y queso",
          "price": ""
        },
        {
          "name": "Sarteneado de la abuela Emilia",
          "price": ""
        }
      ]
    },
    {
      "title": "La Nona Fit",
      "items": [
        {
          "name": "Yogurt griego",
          "price": ""
        },
        {
          "name": "Chia pudding",
          "price": ""
        },
        {
          "name": "Panqueques sin azúcar",
          "price": ""
        },
        {
          "name": "Bowl de frutas",
          "price": ""
        }
      ]
    },
    {
      "title": "Emparedados",
      "items": [
        {
          "name": "Focaccia Huerta",
          "price": ""
        },
        {
          "name": "Focaccia Mortal",
          "price": ""
        },
        {
          "name": "Focaccia Tana",
          "price": ""
        },
        {
          "name": "Piadina",
          "price": ""
        },
        {
          "name": "Pan pizza monja",
          "price": ""
        },
        {
          "name": "Pan pizza mortal",
          "price": ""
        },
        {
          "name": "Pan pizza prosciutto",
          "price": ""
        },
        {
          "name": "Pan pizza norteño",
          "price": ""
        },
        {
          "name": "Torpedo",
          "price": ""
        },
        {
          "name": "Tostado",
          "price": ""
        },
        {
          "name": "Monja",
          "price": ""
        },
        {
          "name": "Vegetariano",
          "price": ""
        }
      ]
    },
    {
      "title": "Tostadas",
      "items": [
        {
          "name": "Tana",
          "price": ""
        },
        {
          "name": "Gallega",
          "price": ""
        },
        {
          "name": "Aurora verde",
          "price": ""
        },
        {
          "name": "Tostadas caseras",
          "price": ""
        }
      ]
    },
    {
      "title": "Platitos",
      "items": [
        {
          "name": "Provoleta cabra",
          "price": ""
        },
        {
          "name": "Provoleta vaca",
          "price": ""
        },
        {
          "name": "Tortillita papas",
          "price": ""
        },
        {
          "name": "Tortillita espinaca",
          "price": ""
        },
        {
          "name": "Bocaditos espinaca",
          "price": ""
        },
        {
          "name": "Pulpito gallega",
          "price": ""
        },
        {
          "name": "Gambas ajillo",
          "price": ""
        },
        {
          "name": "Humus remolacha",
          "price": ""
        },
        {
          "name": "Burrata",
          "price": ""
        }
      ]
    },
    {
      "title": "Almuerzos",
      "items": [
        {
          "name": "Salmón rosado",
          "price": ""
        },
        {
          "name": "Trucha entera",
          "price": ""
        },
        {
          "name": "Bife de chorizo",
          "price": ""
        },
        {
          "name": "Pollo al horno",
          "price": ""
        },
        {
          "name": "Papardelles pesto",
          "price": ""
        },
        {
          "name": "Pasta asado",
          "price": ""
        },
        {
          "name": "Raviolón",
          "price": ""
        },
        {
          "name": "Musaka",
          "price": ""
        },
        {
          "name": "Wrap pollo",
          "price": ""
        },
        {
          "name": "Wrap falafel",
          "price": ""
        },
        {
          "name": "Salteadito verduras",
          "price": ""
        },
        {
          "name": "Quinoto zapallo",
          "price": ""
        }
      ]
    },
    {
      "title": "Ensaladas",
      "items": [
        {
          "name": "Granja",
          "price": ""
        },
        {
          "name": "Quebradeña",
          "price": ""
        },
        {
          "name": "Oriente",
          "price": ""
        },
        {
          "name": "Di Mare",
          "price": ""
        },
        {
          "name": "Tibia tofu",
          "price": ""
        },
        {
          "name": "Sacau limeña",
          "price": ""
        }
      ]
    },
    {
      "title": "Antojos",
      "items": [
        {
          "name": "Caricias del alma",
          "price": ""
        },
        {
          "name": "Tarta invertida",
          "price": ""
        },
        {
          "name": "Dulce de cayote",
          "price": ""
        },
        {
          "name": "Bowl de frutas",
          "price": ""
        }
      ]
    },
    {
      "title": "Tragos",
      "items": [
        {
          "name": "Té lime soda",
          "price": ""
        },
        {
          "name": "Mango matcha",
          "price": ""
        },
        {
          "name": "Orange punch",
          "price": ""
        },
        {
          "name": "Cucumber mint",
          "price": ""
        },
        {
          "name": "Mango coffee",
          "price": ""
        }
      ]
    },
    {
      "title": "Market",
      "items": [
        {
          "name": "Café variedades",
          "price": ""
        },
        {
          "name": "Yerbas Patagonia",
          "price": ""
        },
        {
          "name": "Latas Mate y co",
          "price": ""
        },
        {
          "name": "Tés varios",
          "price": ""
        },
        {
          "name": "Raíces descripción",
          "price": ""
        }
      ]
    }
  ]
}